Suite/Test/Step Name,Browser,Description,Start time,End time,Duration,Status
FirstSuite,IE 11,,2018-02-26 11:31:18,2018-02-26 11:31:37,19.407s,ERROR
,,,,,,
Test Cases/02_AlertManagement/AssignCase,IE 11,This test case is to verify that assign case,2018-02-26 11:31:18,2018-02-26 11:31:20,1.051s,ERROR
callTestCase,IE 11,,2018-02-26 11:31:19,2018-02-26 11:31:20,0.438s,FAILED
,,,,,,
Test Cases/01_UserManagement/SearchByFullName,IE 11,,2018-02-26 11:31:20,2018-02-26 11:31:29,9.848s,FAILED
openBrowser,IE 11,,2018-02-26 11:31:20,2018-02-26 11:31:27,7.398s,PASSED
maximizeWindow,IE 11,,2018-02-26 11:31:27,2018-02-26 11:31:27,0.116s,PASSED
click,IE 11,,2018-02-26 11:31:27,2018-02-26 11:31:29,2.004s,FAILED
,,,,,,
Test Cases/01_UserManagement/SearchByUserName,IE 11,,2018-02-26 11:31:29,2018-02-26 11:31:37,7.224s,FAILED
openBrowser,IE 11,,2018-02-26 11:31:30,2018-02-26 11:31:36,5.897s,PASSED
maximizeWindow,IE 11,,2018-02-26 11:31:36,2018-02-26 11:31:36,0.023s,PASSED
click,IE 11,,2018-02-26 11:31:36,2018-02-26 11:31:37,0.981s,FAILED
