{"devicePlatform":"","logFolder":"C:\\Users\\e3017025\\git\\FCMAutomation\\Reports\\FirstSuite\\20180226_113112","runData":{"hostName":"e3017025 - MAA-LP3K0WLC2.FNFIS.com","os":"Windows 7 64bit","katalonVersion":"5.3.0.1","browser":"IE 11","hostAddress":"10.164.125.212","sessionId":"1308b593-8724-414d-a7cf-06c64dad658e","seleniumVersion":"3.7.1","proxyInformation":"ProxyInformation{proxyOption\u003dNO_PROXY, proxyServerType\u003dHTTP, password\u003d, proxyServerAddress\u003d, proxyServerPort\u003d0}","platform":"Windows 7"},"type":"TEST_SUITE","name":"FirstSuite","id":"Test Suites/FirstSuite","source":"","message":"Test Cases/02_AlertManagement/AssignCase FAILED because (of) java.lang.Error: Unresolved compilation problem: \n","description":"","startTime":1519624878314,"endTime":1519624897721,"childRecords":[{"isOptional":false,"type":"TEST_CASE","name":"Test Cases/02_AlertManagement/AssignCase","id":"Test Cases/02_AlertManagement/AssignCase","source":"C:\\\\Users\\\\e3017025\\\\git\\\\FCMAutomation\\\\Test Cases\\\\02_AlertManagement\\\\AssignCase.tc","message":"Test Cases/02_AlertManagement/AssignCase FAILED because (of) java.lang.Error: Unresolved compilation problem: \n","description":"This test case is to verify that assign case","startTime":1519624878980,"endTime":1519624880031,"childRecords":[{"testStatus":{"stackTrace":"","statusValue":"INFO"},"type":"MESSAGE","name":"","message":"Evaluating variables for test case","startTime":1519624879013,"endTime":0,"childRecords":[],"interuppted":false},{"testStatus":{"stackTrace":"","statusValue":"INFO"},"type":"MESSAGE","name":"","message":"Variable \u0027caseType\u0027 is set to Deposit as default","startTime":1519624879096,"endTime":0,"childRecords":[],"interuppted":false},{"testStatus":{"stackTrace":"","statusValue":"INFO"},"type":"MESSAGE","name":"","message":"Variable \u0027casePriority\u0027 is set to High as default","startTime":1519624879126,"endTime":0,"childRecords":[],"interuppted":false},{"testStatus":{"stackTrace":"","statusValue":"INFO"},"type":"MESSAGE","name":"","message":"Variable \u0027caseTitle\u0027 is set to Title Sample as default","startTime":1519624879151,"endTime":0,"childRecords":[],"interuppted":false},{"testStatus":{"stackTrace":"","statusValue":"INFO"},"type":"MESSAGE","name":"","message":"Variable \u0027caseDescription\u0027 is set to Description Sample as default","startTime":1519624879170,"endTime":0,"childRecords":[],"interuppted":false},{"testStatus":{"stackTrace":"","statusValue":"INFO"},"type":"MESSAGE","name":"","message":"Variable \u0027assignee\u0027 is set to Superman as default","startTime":1519624879183,"endTime":0,"childRecords":[],"interuppted":false},{"index":1,"isIgnoredIfFailed":false,"type":"TEST_STEP","name":"callTestCase","message":"Unable to call Test Case with id \u0027Test Cases/04_ReusableComponents/05_Login/Login\u0027 (Root cause: Call Test Case \u0027Test Cases/04_ReusableComponents/05_Login/Login\u0027 failed because of error(s))","description":"","startTime":1519624879588,"endTime":1519624880026,"childRecords":[{"isOptional":false,"type":"TEST_CASE","name":"Test Cases/04_ReusableComponents/05_Login/Login","id":"Test Cases/04_ReusableComponents/05_Login/Login","source":"C:\\\\Users\\\\e3017025\\\\git\\\\FCMAutomation\\\\Test Cases\\\\04_ReusableComponents\\\\05_Login\\\\Login.tc","message":"Test Cases/04_ReusableComponents/05_Login/Login FAILED because (of) java.lang.Error: Unresolved compilation problem: \n","description":"LoginTest","startTime":1519624879716,"endTime":1519624880021,"childRecords":[{"testStatus":{"stackTrace":"","statusValue":"INFO"},"type":"MESSAGE","name":"","message":"Evaluating variables for test case","startTime":1519624879745,"endTime":0,"childRecords":[],"interuppted":false},{"testStatus":{"stackTrace":"","statusValue":"INFO"},"type":"MESSAGE","name":"","message":"Variable \u0027username\u0027 is set to ivan","startTime":1519624879746,"endTime":0,"childRecords":[],"interuppted":false},{"testStatus":{"stackTrace":"","statusValue":"INFO"},"type":"MESSAGE","name":"","message":"Variable \u0027password\u0027 is set to Investigator_2017","startTime":1519624879747,"endTime":0,"childRecords":[],"interuppted":false},{"index":1,"isIgnoredIfFailed":false,"type":"TEST_STEP","name":"com.fcm.session.utilities.CleanSession.CleanCache","message":"Unresolved compilation problem: \n","description":"","startTime":1519624880003,"endTime":1519624880016,"childRecords":[{"testStatus":{"stackTrace":"","statusValue":"ERROR"},"type":"MESSAGE","name":"","message":"Unresolved compilation problem: \n","startTime":1519624880016,"endTime":0,"childRecords":[],"interuppted":false}],"interuppted":false},{"testStatus":{"stackTrace":"","statusValue":"ERROR"},"type":"MESSAGE","name":"","message":"Test Cases/04_ReusableComponents/05_Login/Login FAILED because (of) java.lang.Error: Unresolved compilation problem: \n","startTime":1519624880018,"endTime":0,"childRecords":[],"interuppted":false}],"interuppted":false},{"testStatus":{"stackTrace":"","statusValue":"FAILED"},"type":"MESSAGE","name":"","message":"Unable to call Test Case with id \u0027Test Cases/04_ReusableComponents/05_Login/Login\u0027 (Root cause: Call Test Case \u0027Test Cases/04_ReusableComponents/05_Login/Login\u0027 failed because of error(s))","startTime":1519624880026,"endTime":0,"childRecords":[],"interuppted":false}],"interuppted":false},{"testStatus":{"stackTrace":"","statusValue":"ERROR"},"type":"MESSAGE","name":"","message":"Test Cases/02_AlertManagement/AssignCase FAILED because (of) java.lang.Error: Unresolved compilation problem: \n","startTime":1519624880028,"endTime":0,"childRecords":[],"interuppted":false}],"interuppted":false},{"isOptional":false,"type":"TEST_CASE","name":"Test Cases/01_UserManagement/SearchByFullName","id":"Test Cases/01_UserManagement/SearchByFullName","source":"C:\\\\Users\\\\e3017025\\\\git\\\\FCMAutomation\\\\Test Cases\\\\01_UserManagement\\\\SearchByFullName.tc","message":"Test Cases/01_UserManagement/SearchByFullName FAILED because (of) Unable to click on object \u0027Object Repository/SignInPage/chk_windowsAuth\u0027 (Root cause: org.openqa.selenium.NoSuchWindowException: Unable to find elements on closed window\nBuild info: version: \u00273.7.1\u0027, revision: \u00278a0099a\u0027, time: \u00272017-11-06T21:07:36.161Z\u0027\nSystem info: host: \u0027MAA-LP3K0WLC2\u0027, ip: \u002710.164.125.212\u0027, os.name: \u0027Windows 7\u0027, os.arch: \u0027amd64\u0027, os.version: \u00276.1\u0027, java.version: \u00271.8.0_102\u0027\nDriver info: com.kms.katalon.selenium.driver.CInternetExplorerDriver\nCapabilities {acceptInsecureCerts: false, browserName: internet explorer, browserVersion: 11, javascriptEnabled: true, pageLoadStrategy: normal, platform: WINDOWS, platformName: WINDOWS, se:ieOptions: {browserAttachTimeout: 0, elementScrollBehavior: 0, enablePersistentHover: true, ie.browserCommandLineSwitches: , ie.ensureCleanSession: false, ie.fileUploadDialogTimeout: 3000, ie.forceCreateProcessApi: false, ignoreProtectedModeSettings: false, ignoreZoomSetting: false, initialBrowserUrl: http://localhost:20835/, nativeEvents: true, requireWindowFocus: false}, setWindowRect: true}\nSession ID: 98e31f1c-465b-4ea2-8c0e-a463e396279b\n*** Element info: {Using\u003dxpath, value\u003d//*[@id \u003d \u0027idForWindowsAuth\u0027]})","description":"","startTime":1519624880036,"endTime":1519624889884,"childRecords":[{"testStatus":{"stackTrace":"","statusValue":"INFO"},"type":"MESSAGE","name":"","message":"Evaluating variables for test case","startTime":1519624880070,"endTime":0,"childRecords":[],"interuppted":false},{"testStatus":{"stackTrace":"","statusValue":"INFO"},"type":"MESSAGE","name":"","message":"Variable \u0027searchText\u0027 is set to Investigator as default","startTime":1519624880095,"endTime":0,"childRecords":[],"interuppted":false},{"index":1,"isIgnoredIfFailed":false,"type":"TEST_STEP","name":"openBrowser","message":"Browser is opened with url: \u0027https://lab-rduraisamy1.memento-inc.com:442/#/Login\u0027","description":"","startTime":1519624880360,"endTime":1519624887758,"childRecords":[{"testStatus":{"stackTrace":"","statusValue":"PASSED"},"type":"MESSAGE","name":"","message":"Browser is opened with url: \u0027https://lab-rduraisamy1.memento-inc.com:442/#/Login\u0027","startTime":1519624887757,"endTime":0,"childRecords":[],"interuppted":false}],"interuppted":false},{"index":2,"isIgnoredIfFailed":false,"type":"TEST_STEP","name":"maximizeWindow","message":"Current window maximized","description":"","startTime":1519624887759,"endTime":1519624887875,"childRecords":[{"testStatus":{"stackTrace":"","statusValue":"PASSED"},"type":"MESSAGE","name":"","message":"Current window maximized","startTime":1519624887875,"endTime":0,"childRecords":[],"interuppted":false}],"interuppted":false},{"index":3,"isIgnoredIfFailed":false,"type":"TEST_STEP","name":"click","message":"Unable to click on object \u0027Object Repository/SignInPage/chk_windowsAuth\u0027 (Root cause: org.openqa.selenium.NoSuchWindowException: Unable to find elements on closed window\nBuild info: version: \u00273.7.1\u0027, revision: \u00278a0099a\u0027, time: \u00272017-11-06T21:07:36.161Z\u0027\nSystem info: host: \u0027MAA-LP3K0WLC2\u0027, ip: \u002710.164.125.212\u0027, os.name: \u0027Windows 7\u0027, os.arch: \u0027amd64\u0027, os.version: \u00276.1\u0027, java.version: \u00271.8.0_102\u0027\nDriver info: com.kms.katalon.selenium.driver.CInternetExplorerDriver\nCapabilities {acceptInsecureCerts: false, browserName: internet explorer, browserVersion: 11, javascriptEnabled: true, pageLoadStrategy: normal, platform: WINDOWS, platformName: WINDOWS, se:ieOptions: {browserAttachTimeout: 0, elementScrollBehavior: 0, enablePersistentHover: true, ie.browserCommandLineSwitches: , ie.ensureCleanSession: false, ie.fileUploadDialogTimeout: 3000, ie.forceCreateProcessApi: false, ignoreProtectedModeSettings: false, ignoreZoomSetting: false, initialBrowserUrl: http://localhost:20835/, nativeEvents: true, requireWindowFocus: false}, setWindowRect: true}\nSession ID: 98e31f1c-465b-4ea2-8c0e-a463e396279b\n*** Element info: {Using\u003dxpath, value\u003d//*[@id \u003d \u0027idForWindowsAuth\u0027]})","description":"","startTime":1519624887877,"endTime":1519624889881,"childRecords":[{"testStatus":{"stackTrace":"","statusValue":"WARNING"},"type":"MESSAGE","name":"","message":"Cannot take screenshot","startTime":1519624889880,"endTime":0,"childRecords":[],"interuppted":false},{"testStatus":{"stackTrace":"","statusValue":"FAILED"},"type":"MESSAGE","name":"","message":"Unable to click on object \u0027Object Repository/SignInPage/chk_windowsAuth\u0027 (Root cause: org.openqa.selenium.NoSuchWindowException: Unable to find elements on closed window\nBuild info: version: \u00273.7.1\u0027, revision: \u00278a0099a\u0027, time: \u00272017-11-06T21:07:36.161Z\u0027\nSystem info: host: \u0027MAA-LP3K0WLC2\u0027, ip: \u002710.164.125.212\u0027, os.name: \u0027Windows 7\u0027, os.arch: \u0027amd64\u0027, os.version: \u00276.1\u0027, java.version: \u00271.8.0_102\u0027\nDriver info: com.kms.katalon.selenium.driver.CInternetExplorerDriver\nCapabilities {acceptInsecureCerts: false, browserName: internet explorer, browserVersion: 11, javascriptEnabled: true, pageLoadStrategy: normal, platform: WINDOWS, platformName: WINDOWS, se:ieOptions: {browserAttachTimeout: 0, elementScrollBehavior: 0, enablePersistentHover: true, ie.browserCommandLineSwitches: , ie.ensureCleanSession: false, ie.fileUploadDialogTimeout: 3000, ie.forceCreateProcessApi: false, ignoreProtectedModeSettings: false, ignoreZoomSetting: false, initialBrowserUrl: http://localhost:20835/, nativeEvents: true, requireWindowFocus: false}, setWindowRect: true}\nSession ID: 98e31f1c-465b-4ea2-8c0e-a463e396279b\n*** Element info: {Using\u003dxpath, value\u003d//*[@id \u003d \u0027idForWindowsAuth\u0027]})","startTime":1519624889880,"endTime":0,"childRecords":[],"interuppted":false}],"interuppted":false},{"testStatus":{"stackTrace":"","statusValue":"FAILED"},"type":"MESSAGE","name":"","message":"Test Cases/01_UserManagement/SearchByFullName FAILED because (of) Unable to click on object \u0027Object Repository/SignInPage/chk_windowsAuth\u0027 (Root cause: org.openqa.selenium.NoSuchWindowException: Unable to find elements on closed window\nBuild info: version: \u00273.7.1\u0027, revision: \u00278a0099a\u0027, time: \u00272017-11-06T21:07:36.161Z\u0027\nSystem info: host: \u0027MAA-LP3K0WLC2\u0027, ip: \u002710.164.125.212\u0027, os.name: \u0027Windows 7\u0027, os.arch: \u0027amd64\u0027, os.version: \u00276.1\u0027, java.version: \u00271.8.0_102\u0027\nDriver info: com.kms.katalon.selenium.driver.CInternetExplorerDriver\nCapabilities {acceptInsecureCerts: false, browserName: internet explorer, browserVersion: 11, javascriptEnabled: true, pageLoadStrategy: normal, platform: WINDOWS, platformName: WINDOWS, se:ieOptions: {browserAttachTimeout: 0, elementScrollBehavior: 0, enablePersistentHover: true, ie.browserCommandLineSwitches: , ie.ensureCleanSession: false, ie.fileUploadDialogTimeout: 3000, ie.forceCreateProcessApi: false, ignoreProtectedModeSettings: false, ignoreZoomSetting: false, initialBrowserUrl: http://localhost:20835/, nativeEvents: true, requireWindowFocus: false}, setWindowRect: true}\nSession ID: 98e31f1c-465b-4ea2-8c0e-a463e396279b\n*** Element info: {Using\u003dxpath, value\u003d//*[@id \u003d \u0027idForWindowsAuth\u0027]})","startTime":1519624889882,"endTime":0,"childRecords":[],"interuppted":false}],"interuppted":false},{"isOptional":false,"type":"TEST_CASE","name":"Test Cases/01_UserManagement/SearchByUserName","id":"Test Cases/01_UserManagement/SearchByUserName","source":"C:\\\\Users\\\\e3017025\\\\git\\\\FCMAutomation\\\\Test Cases\\\\01_UserManagement\\\\SearchByUserName.tc","message":"Test Cases/01_UserManagement/SearchByUserName FAILED because (of) Unable to click on object \u0027Object Repository/SignInPage/chk_windowsAuth\u0027 (Root cause: org.openqa.selenium.NoSuchWindowException: Unable to find elements on closed window\nBuild info: version: \u00273.7.1\u0027, revision: \u00278a0099a\u0027, time: \u00272017-11-06T21:07:36.161Z\u0027\nSystem info: host: \u0027MAA-LP3K0WLC2\u0027, ip: \u002710.164.125.212\u0027, os.name: \u0027Windows 7\u0027, os.arch: \u0027amd64\u0027, os.version: \u00276.1\u0027, java.version: \u00271.8.0_102\u0027\nDriver info: com.kms.katalon.selenium.driver.CInternetExplorerDriver\nCapabilities {acceptInsecureCerts: false, browserName: internet explorer, browserVersion: 11, javascriptEnabled: true, pageLoadStrategy: normal, platform: WINDOWS, platformName: WINDOWS, se:ieOptions: {browserAttachTimeout: 0, elementScrollBehavior: 0, enablePersistentHover: true, ie.browserCommandLineSwitches: , ie.ensureCleanSession: false, ie.fileUploadDialogTimeout: 3000, ie.forceCreateProcessApi: false, ignoreProtectedModeSettings: false, ignoreZoomSetting: false, initialBrowserUrl: http://localhost:11659/, nativeEvents: true, requireWindowFocus: false}, setWindowRect: true}\nSession ID: 1308b593-8724-414d-a7cf-06c64dad658e\n*** Element info: {Using\u003dxpath, value\u003d//*[@id \u003d \u0027idForWindowsAuth\u0027]})","description":"","startTime":1519624889907,"endTime":1519624897131,"childRecords":[{"testStatus":{"stackTrace":"","statusValue":"INFO"},"type":"MESSAGE","name":"","message":"Evaluating variables for test case","startTime":1519624889926,"endTime":0,"childRecords":[],"interuppted":false},{"testStatus":{"stackTrace":"","statusValue":"INFO"},"type":"MESSAGE","name":"","message":"Variable \u0027searchText\u0027 is set to connie as default","startTime":1519624889933,"endTime":0,"childRecords":[],"interuppted":false},{"index":1,"isIgnoredIfFailed":false,"type":"TEST_STEP","name":"openBrowser","message":"Browser is opened with url: \u0027https://lab-rduraisamy1.memento-inc.com:442/#/Login\u0027","description":"","startTime":1519624890227,"endTime":1519624896124,"childRecords":[{"testStatus":{"stackTrace":"","statusValue":"WARNING"},"type":"MESSAGE","name":"","message":"A browser is already opened. Closing browser and opening a new one","startTime":1519624890228,"endTime":0,"childRecords":[],"interuppted":false},{"testStatus":{"stackTrace":"","statusValue":"PASSED"},"type":"MESSAGE","name":"","message":"Browser is opened with url: \u0027https://lab-rduraisamy1.memento-inc.com:442/#/Login\u0027","startTime":1519624896123,"endTime":0,"childRecords":[],"interuppted":false}],"interuppted":false},{"index":2,"isIgnoredIfFailed":false,"type":"TEST_STEP","name":"maximizeWindow","message":"Current window maximized","description":"","startTime":1519624896124,"endTime":1519624896147,"childRecords":[{"testStatus":{"stackTrace":"","statusValue":"PASSED"},"type":"MESSAGE","name":"","message":"Current window maximized","startTime":1519624896145,"endTime":0,"childRecords":[],"interuppted":false}],"interuppted":false},{"index":3,"isIgnoredIfFailed":false,"type":"TEST_STEP","name":"click","message":"Unable to click on object \u0027Object Repository/SignInPage/chk_windowsAuth\u0027 (Root cause: org.openqa.selenium.NoSuchWindowException: Unable to find elements on closed window\nBuild info: version: \u00273.7.1\u0027, revision: \u00278a0099a\u0027, time: \u00272017-11-06T21:07:36.161Z\u0027\nSystem info: host: \u0027MAA-LP3K0WLC2\u0027, ip: \u002710.164.125.212\u0027, os.name: \u0027Windows 7\u0027, os.arch: \u0027amd64\u0027, os.version: \u00276.1\u0027, java.version: \u00271.8.0_102\u0027\nDriver info: com.kms.katalon.selenium.driver.CInternetExplorerDriver\nCapabilities {acceptInsecureCerts: false, browserName: internet explorer, browserVersion: 11, javascriptEnabled: true, pageLoadStrategy: normal, platform: WINDOWS, platformName: WINDOWS, se:ieOptions: {browserAttachTimeout: 0, elementScrollBehavior: 0, enablePersistentHover: true, ie.browserCommandLineSwitches: , ie.ensureCleanSession: false, ie.fileUploadDialogTimeout: 3000, ie.forceCreateProcessApi: false, ignoreProtectedModeSettings: false, ignoreZoomSetting: false, initialBrowserUrl: http://localhost:11659/, nativeEvents: true, requireWindowFocus: false}, setWindowRect: true}\nSession ID: 1308b593-8724-414d-a7cf-06c64dad658e\n*** Element info: {Using\u003dxpath, value\u003d//*[@id \u003d \u0027idForWindowsAuth\u0027]})","description":"","startTime":1519624896147,"endTime":1519624897128,"childRecords":[{"testStatus":{"stackTrace":"","statusValue":"WARNING"},"type":"MESSAGE","name":"","message":"Cannot take screenshot","startTime":1519624897124,"endTime":0,"childRecords":[],"interuppted":false},{"testStatus":{"stackTrace":"","statusValue":"FAILED"},"type":"MESSAGE","name":"","message":"Unable to click on object \u0027Object Repository/SignInPage/chk_windowsAuth\u0027 (Root cause: org.openqa.selenium.NoSuchWindowException: Unable to find elements on closed window\nBuild info: version: \u00273.7.1\u0027, revision: \u00278a0099a\u0027, time: \u00272017-11-06T21:07:36.161Z\u0027\nSystem info: host: \u0027MAA-LP3K0WLC2\u0027, ip: \u002710.164.125.212\u0027, os.name: \u0027Windows 7\u0027, os.arch: \u0027amd64\u0027, os.version: \u00276.1\u0027, java.version: \u00271.8.0_102\u0027\nDriver info: com.kms.katalon.selenium.driver.CInternetExplorerDriver\nCapabilities {acceptInsecureCerts: false, browserName: internet explorer, browserVersion: 11, javascriptEnabled: true, pageLoadStrategy: normal, platform: WINDOWS, platformName: WINDOWS, se:ieOptions: {browserAttachTimeout: 0, elementScrollBehavior: 0, enablePersistentHover: true, ie.browserCommandLineSwitches: , ie.ensureCleanSession: false, ie.fileUploadDialogTimeout: 3000, ie.forceCreateProcessApi: false, ignoreProtectedModeSettings: false, ignoreZoomSetting: false, initialBrowserUrl: http://localhost:11659/, nativeEvents: true, requireWindowFocus: false}, setWindowRect: true}\nSession ID: 1308b593-8724-414d-a7cf-06c64dad658e\n*** Element info: {Using\u003dxpath, value\u003d//*[@id \u003d \u0027idForWindowsAuth\u0027]})","startTime":1519624897126,"endTime":0,"childRecords":[],"interuppted":false}],"interuppted":false},{"testStatus":{"stackTrace":"","statusValue":"FAILED"},"type":"MESSAGE","name":"","message":"Test Cases/01_UserManagement/SearchByUserName FAILED because (of) Unable to click on object \u0027Object Repository/SignInPage/chk_windowsAuth\u0027 (Root cause: org.openqa.selenium.NoSuchWindowException: Unable to find elements on closed window\nBuild info: version: \u00273.7.1\u0027, revision: \u00278a0099a\u0027, time: \u00272017-11-06T21:07:36.161Z\u0027\nSystem info: host: \u0027MAA-LP3K0WLC2\u0027, ip: \u002710.164.125.212\u0027, os.name: \u0027Windows 7\u0027, os.arch: \u0027amd64\u0027, os.version: \u00276.1\u0027, java.version: \u00271.8.0_102\u0027\nDriver info: com.kms.katalon.selenium.driver.CInternetExplorerDriver\nCapabilities {acceptInsecureCerts: false, browserName: internet explorer, browserVersion: 11, javascriptEnabled: true, pageLoadStrategy: normal, platform: WINDOWS, platformName: WINDOWS, se:ieOptions: {browserAttachTimeout: 0, elementScrollBehavior: 0, enablePersistentHover: true, ie.browserCommandLineSwitches: , ie.ensureCleanSession: false, ie.fileUploadDialogTimeout: 3000, ie.forceCreateProcessApi: false, ignoreProtectedModeSettings: false, ignoreZoomSetting: false, initialBrowserUrl: http://localhost:11659/, nativeEvents: true, requireWindowFocus: false}, setWindowRect: true}\nSession ID: 1308b593-8724-414d-a7cf-06c64dad658e\n*** Element info: {Using\u003dxpath, value\u003d//*[@id \u003d \u0027idForWindowsAuth\u0027]})","startTime":1519624897128,"endTime":0,"childRecords":[],"interuppted":false}],"interuppted":false}],"interuppted":false}